iter,tokens_seen,train_loss,val_loss,val_ppl,lr,tokens_per_sec,mfu,grad_norm,h_norm_mean,h_delta_mean,h_delta_min,attn_ent_mean,step_losses
0,0,11.0261,11.0302,61710.98,0.000001,,-100.00,,,,,,
0,65536,11.0408,,,0.000001,3006,-100.00,0.0000,,,,,
10,720896,10.3986,,,0.000007,86633,20.71,0.0000,,,,,
20,1376256,9.7911,,,0.000013,87213,20.73,0.0000,,,,,
30,2031616,9.5494,,,0.000019,87123,20.74,0.0000,,,,,
40,2686976,9.3412,,,0.000025,87058,20.75,0.0000,,,,,
50,3342336,8.9781,,,0.000031,87520,20.76,0.0000,,,,,
60,3997696,8.6677,,,0.000037,87023,20.77,0.0000,,,,,
70,4653056,8.5235,,,0.000043,87393,20.78,0.0000,,,,,
80,5308416,8.1527,,,0.000049,87058,20.79,0.0000,,,,,
90,5963776,7.7662,,,0.000054,87045,20.79,0.0000,,,,,
100,6619136,7.7542,,,0.000060,87501,20.80,0.0000,,,,,
110,7274496,7.5417,,,0.000066,87215,20.81,0.0000,,,,,
120,7929856,7.3560,,,0.000072,87357,20.81,0.0000,,,,,
130,8585216,7.1277,,,0.000078,87116,20.82,0.0000,,,,,
140,9240576,7.0058,,,0.000084,87090,20.82,0.0000,,,,,
150,9895936,6.9899,,,0.000090,87170,20.82,0.0000,,,,,
160,10551296,6.9245,,,0.000096,86827,20.81,0.0000,,,,,
170,11206656,6.8893,,,0.000102,87156,20.82,0.0000,,,,,
180,11862016,6.7167,,,0.000108,87021,20.82,0.0000,,,,,
190,12517376,6.5957,,,0.000114,87302,20.82,0.0000,,,,,
200,13172736,6.8169,,,0.000120,87181,20.82,0.0000,,,,,
210,13828096,6.6695,,,0.000126,87336,20.83,0.0000,,,,,
220,14483456,6.5299,,,0.000132,87040,20.83,0.0000,,,,,
230,15138816,6.6735,,,0.000138,86928,20.82,0.0000,,,,,
240,15794176,6.3574,,,0.000144,87074,20.82,0.0000,,,,,
250,16449536,6.2845,,,0.000150,87385,20.83,0.0000,,,,,
260,17104896,6.4213,,,0.000156,87073,20.83,0.0000,,,,,
270,17760256,6.3018,,,0.000162,87361,20.84,0.0000,,,,,
280,18415616,6.2762,,,0.000168,87118,20.84,0.0000,,,,,
290,19070976,6.2711,,,0.000174,87030,20.83,0.0000,,,,,
300,19726336,6.2946,,,0.000180,87482,20.84,0.0000,,,,,
310,20381696,6.2129,,,0.000186,86834,20.83,0.0000,,,,,
320,21037056,6.2428,,,0.000192,87119,20.83,0.0000,,,,,
330,21692416,6.2191,,,0.000198,87082,20.83,0.0000,,,,,
340,22347776,6.0667,,,0.000204,87017,20.83,0.0000,,,,,
350,23003136,6.1009,,,0.000210,87423,20.84,0.0000,,,,,
360,23658496,5.9674,,,0.000216,86834,20.83,0.0000,,,,,
370,24313856,6.0976,,,0.000222,87040,20.83,0.0000,,,,,
380,24969216,5.9940,,,0.000228,87241,20.83,0.0000,,,,,
390,25624576,5.9409,,,0.000234,87086,20.83,0.0000,,,,,
400,26279936,5.8422,,,0.000240,87329,20.84,0.0000,,,,,
410,26935296,5.7745,,,0.000246,87043,20.83,0.0000,,,,,
420,27590656,6.0274,,,0.000252,87320,20.84,0.0000,,,,,
430,28246016,5.7346,,,0.000258,87122,20.84,0.0000,,,,,
440,28901376,5.7616,,,0.000264,87117,20.84,0.0000,,,,,
450,29556736,5.7978,,,0.000270,87155,20.84,0.0000,,,,,
460,30212096,5.8467,,,0.000276,87332,20.84,0.0000,,,,,
470,30867456,5.8197,,,0.000282,87261,20.84,0.0000,,,,,
480,31522816,5.8566,,,0.000288,87352,20.85,0.0000,,,,,
490,32178176,5.5850,,,0.000294,86794,20.84,0.0000,,,,,
500,32768000,5.6895,5.7777,323.02,0.000300,,20.84,,,,,,
500,32833536,5.6163,,,0.000300,7913,18.94,0.0000,,,,,
510,33488896,5.6499,,,0.000300,87393,19.14,0.0000,,,,,
520,34144256,5.7033,,,0.000300,87190,19.31,0.0000,,,,,
530,34799616,5.6804,,,0.000300,87297,19.47,0.0000,,,,,
540,35454976,5.6900,,,0.000300,86938,19.60,0.0000,,,,,
550,36110336,5.7527,,,0.000300,87399,19.73,0.0000,,,,,
560,36765696,5.4880,,,0.000300,87149,19.84,0.0000,,,,,
570,37421056,5.3684,,,0.000300,87022,19.94,0.0000,,,,,
580,38076416,5.5406,,,0.000300,87441,20.03,0.0000,,,,,
590,38731776,5.6236,,,0.000300,87125,20.11,0.0000,,,,,
600,39387136,5.4997,,,0.000300,87260,20.19,0.0000,,,,,
610,40042496,5.5484,,,0.000300,87045,20.25,0.0000,,,,,
620,40697856,5.3601,,,0.000300,87026,20.31,0.0000,,,,,
630,41353216,5.4167,,,0.000300,87305,20.36,0.0000,,,,,
640,42008576,5.3730,,,0.000300,87017,20.41,0.0000,,,,,
650,42663936,5.1529,,,0.000300,87238,20.45,0.0000,,,,,
660,43319296,5.3869,,,0.000300,87117,20.49,0.0000,,,,,
670,43974656,5.3187,,,0.000300,87064,20.52,0.0000,,,,,
680,44630016,5.4917,,,0.000300,87228,20.56,0.0000,,,,,
690,45285376,5.4383,,,0.000300,87057,20.58,0.0000,,,,,
700,45940736,5.2749,,,0.000300,87162,20.61,0.0000,,,,,
710,46596096,5.3071,,,0.000299,87212,20.63,0.0000,,,,,
720,47251456,5.2382,,,0.000299,87085,20.65,0.0000,,,,,
730,47906816,5.2481,,,0.000299,87411,20.68,0.0000,,,,,
740,48562176,5.0448,,,0.000299,86884,20.69,0.0000,,,,,
750,49217536,5.2105,,,0.000299,86954,20.70,0.0000,,,,,
760,49872896,4.9577,,,0.000299,87586,20.72,0.0000,,,,,
770,50528256,5.1084,,,0.000299,87487,20.74,0.0000,,,,,
780,51183616,5.2609,,,0.000299,87065,20.75,0.0000,,,,,
790,51838976,4.8988,,,0.000299,87218,20.76,0.0000,,,,,
800,52494336,5.0056,,,0.000299,86799,20.76,0.0000,,,,,
810,53149696,5.1666,,,0.000299,86899,20.76,0.0000,,,,,
820,53805056,5.0202,,,0.000299,87338,20.77,0.0000,,,,,
830,54460416,5.1010,,,0.000299,87097,20.78,0.0000,,,,,
840,55115776,4.9432,,,0.000299,87342,20.79,0.0000,,,,,
850,55771136,4.9441,,,0.000299,86972,20.79,0.0000,,,,,
860,56426496,4.7779,,,0.000298,86956,20.79,0.0000,,,,,
870,57081856,5.0976,,,0.000298,87521,20.80,0.0000,,,,,
880,57737216,4.8521,,,0.000298,87639,20.82,0.0000,,,,,
890,58392576,5.0192,,,0.000298,87154,20.82,0.0000,,,,,
900,59047936,5.0090,,,0.000298,87077,20.82,0.0000,,,,,
910,59703296,4.9620,,,0.000298,87021,20.82,0.0000,,,,,
920,60358656,4.9778,,,0.000298,87170,20.82,0.0000,,,,,
930,61014016,4.9178,,,0.000298,87158,20.82,0.0000,,,,,
940,61669376,4.8730,,,0.000298,87143,20.83,0.0000,,,,,
950,62324736,4.8375,,,0.000298,86859,20.82,0.0000,,,,,
960,62980096,4.7116,,,0.000298,87105,20.82,0.0000,,,,,
970,63635456,4.9292,,,0.000297,87353,20.83,0.0000,,,,,
980,64290816,4.8710,,,0.000297,87393,20.83,0.0000,,,,,
990,64946176,4.7262,,,0.000297,87194,20.84,0.0000,,,,,
1000,65536000,4.8444,4.9624,142.93,0.000297,,20.84,,,,,,
1000,65601536,4.6935,,,0.000297,7531,18.93,0.0000,,,,,
1010,66256896,4.7865,,,0.000297,86795,19.11,0.0000,,,,,
1020,66912256,4.7284,,,0.000297,87130,19.29,0.0000,,,,,
1030,67567616,4.8373,,,0.000297,87218,19.44,0.0000,,,,,
1040,68222976,4.8965,,,0.000297,87216,19.58,0.0000,,,,,
1050,68878336,4.7404,,,0.000296,87151,19.71,0.0000,,,,,
1060,69533696,4.9133,,,0.000296,87344,19.83,0.0000,,,,,
1070,70189056,4.8144,,,0.000296,86978,19.92,0.0000,,,,,
1080,70844416,4.8342,,,0.000296,87018,20.01,0.0000,,,,,
1090,71499776,4.8569,,,0.000296,87091,20.09,0.0000,,,,,
1100,72155136,4.7277,,,0.000296,87108,20.17,0.0000,,,,,
1110,72810496,4.5911,,,0.000296,87062,20.23,0.0000,,,,,
1120,73465856,4.7196,,,0.000295,87505,20.30,0.0000,,,,,
1130,74121216,4.7116,,,0.000295,87276,20.36,0.0000,,,,,
1140,74776576,4.6254,,,0.000295,87069,20.40,0.0000,,,,,
1150,75431936,4.6849,,,0.000295,87328,20.45,0.0000,,,,,
1160,76087296,4.7783,,,0.000295,86855,20.48,0.0000,,,,,
1170,76742656,4.7275,,,0.000295,87354,20.52,0.0000,,,,,
1180,77398016,4.5298,,,0.000295,87172,20.56,0.0000,,,,,
1190,78053376,4.7165,,,0.000294,87114,20.58,0.0000,,,,,
1200,78708736,4.3922,,,0.000294,87461,20.62,0.0000,,,,,
1210,79364096,4.5514,,,0.000294,87054,20.64,0.0000,,,,,
1220,80019456,4.5794,,,0.000294,87057,20.65,0.0000,,,,,
1230,80674816,4.4636,,,0.000294,87357,20.68,0.0000,,,,,
1240,81330176,4.8664,,,0.000294,87113,20.69,0.0000,,,,,
1250,81985536,4.5003,,,0.000293,87325,20.71,0.0000,,,,,
1260,82640896,4.5554,,,0.000293,87046,20.72,0.0000,,,,,
1270,83296256,4.5840,,,0.000293,87147,20.73,0.0000,,,,,
1280,83951616,4.5215,,,0.000293,87719,20.76,0.0000,,,,,
1290,84606976,4.5690,,,0.000293,86951,20.76,0.0000,,,,,
1300,85262336,4.6728,,,0.000292,87417,20.77,0.0000,,,,,
1310,85917696,4.6365,,,0.000292,87111,20.78,0.0000,,,,,
1320,86573056,4.4064,,,0.000292,87014,20.78,0.0000,,,,,
1330,87228416,4.5667,,,0.000292,87132,20.79,0.0000,,,,,
1340,87883776,4.2759,,,0.000292,87135,20.79,0.0000,,,,,
1350,88539136,4.7079,,,0.000292,87449,20.80,0.0000,,,,,
1360,89194496,4.5444,,,0.000291,86664,20.80,0.0000,,,,,
1370,89849856,4.5498,,,0.000291,86999,20.80,0.0000,,,,,
1380,90505216,4.4135,,,0.000291,87189,20.80,0.0000,,,,,
1390,91160576,4.4626,,,0.000291,86937,20.80,0.0000,,,,,
1400,91815936,4.6031,,,0.000291,87014,20.80,0.0000,,,,,
1410,92471296,4.5183,,,0.000290,87200,20.81,0.0000,,,,,
1420,93126656,4.3527,,,0.000290,87324,20.81,0.0000,,,,,
1430,93782016,4.5155,,,0.000290,87342,20.82,0.0000,,,,,
1440,94437376,4.4135,,,0.000290,87107,20.82,0.0000,,,,,
1450,95092736,4.4542,,,0.000289,86825,20.82,0.0000,,,,,
1460,95748096,4.2583,,,0.000289,87297,20.82,0.0000,,,,,
1470,96403456,4.4799,,,0.000289,87499,20.83,0.0000,,,,,
1480,97058816,4.2946,,,0.000289,87346,20.84,0.0000,,,,,
1490,97714176,4.5148,,,0.000289,87128,20.84,0.0000,,,,,
1500,98304000,4.4140,4.5109,91.01,0.000288,,20.84,,,,,,
1500,98369536,4.5853,,,0.000288,7634,18.94,0.0000,,,,,
1510,99024896,4.5002,,,0.000288,87240,19.13,0.0000,,,,,
1520,99680256,4.4231,,,0.000288,87529,19.31,0.0000,,,,,
1530,100335616,4.3026,,,0.000288,87760,19.48,0.0000,,,,,
1540,100990976,4.3895,,,0.000287,87440,19.62,0.0000,,,,,
1550,101646336,4.4734,,,0.000287,87152,19.74,0.0000,,,,,
1560,102301696,4.6532,,,0.000287,86950,19.85,0.0000,,,,,
1570,102957056,4.2672,,,0.000287,87457,19.95,0.0000,,,,,
1580,103612416,4.2755,,,0.000286,87356,20.05,0.0000,,,,,
1590,104267776,4.3712,,,0.000286,87244,20.13,0.0000,,,,,
1600,104923136,4.4145,,,0.000286,87132,20.20,0.0000,,,,,
1610,105578496,4.2914,,,0.000286,87066,20.26,0.0000,,,,,
1620,106233856,4.4371,,,0.000285,87391,20.32,0.0000,,,,,
1630,106889216,4.1479,,,0.000285,87130,20.37,0.0000,,,,,
1640,107544576,4.4637,,,0.000285,87203,20.42,0.0000,,,,,
1650,108199936,4.4097,,,0.000285,87010,20.46,0.0000,,,,,
1660,108855296,4.3844,,,0.000284,87005,20.49,0.0000,,,,,
1670,109510656,4.1500,,,0.000284,87371,20.53,0.0000,,,,,
1680,110166016,4.3226,,,0.000284,86829,20.56,0.0000,,,,,
1690,110821376,4.0755,,,0.000284,87200,20.59,0.0000,,,,,
1700,111476736,4.3385,,,0.000283,87019,20.61,0.0000,,,,,
1710,112132096,4.2080,,,0.000283,87080,20.63,0.0000,,,,,
1720,112787456,4.2651,,,0.000283,87586,20.66,0.0000,,,,,
1730,113442816,4.3951,,,0.000282,87037,20.68,0.0000,,,,,
1740,114098176,4.2479,,,0.000282,87193,20.69,0.0000,,,,,
1750,114753536,4.4055,,,0.000282,87008,20.70,0.0000,,,,,
1760,115408896,4.1924,,,0.000282,87106,20.72,0.0000,,,,,
1770,116064256,4.3662,,,0.000281,87354,20.73,0.0000,,,,,
1780,116719616,4.3079,,,0.000281,87137,20.74,0.0000,,,,,
1790,117374976,4.3104,,,0.000281,87135,20.75,0.0000,,,,,
1800,118030336,4.1611,,,0.000280,87164,20.76,0.0000,,,,,
1810,118685696,4.2977,,,0.000280,87169,20.77,0.0000,,,,,
1820,119341056,4.1724,,,0.000280,86984,20.77,0.0000,,,,,
1830,119996416,4.3053,,,0.000280,87268,20.78,0.0000,,,,,
1840,120651776,4.1052,,,0.000279,87214,20.79,0.0000,,,,,
1850,121307136,4.0127,,,0.000279,87068,20.79,0.0000,,,,,
1860,121962496,4.0574,,,0.000279,87234,20.80,0.0000,,,,,
1870,122617856,4.3433,,,0.000278,87317,20.81,0.0000,,,,,
1880,123273216,4.1089,,,0.000278,87133,20.81,0.0000,,,,,
1890,123928576,4.2485,,,0.000278,87148,20.81,0.0000,,,,,
1900,124583936,4.1639,,,0.000277,87176,20.82,0.0000,,,,,
1910,125239296,4.1740,,,0.000277,87223,20.82,0.0000,,,,,
1920,125894656,4.3156,,,0.000277,87316,20.83,0.0000,,,,,
1930,126550016,4.1936,,,0.000276,87003,20.82,0.0000,,,,,
1940,127205376,4.1627,,,0.000276,87328,20.83,0.0000,,,,,
1950,127860736,4.1717,,,0.000276,87124,20.83,0.0000,,,,,
1960,128516096,4.1084,,,0.000276,86954,20.83,0.0000,,,,,
1970,129171456,4.3533,,,0.000275,87402,20.83,0.0000,,,,,
1980,129826816,4.0608,,,0.000275,87039,20.83,0.0000,,,,,
1990,130482176,4.1886,,,0.000275,87253,20.83,0.0000,,,,,
2000,131072000,4.1730,4.3003,73.72,0.000274,,20.83,,,,,,
2000,131137536,4.1484,,,0.000274,7437,18.93,0.0000,,,,,
2010,131792896,4.1690,,,0.000274,87071,19.12,0.0000,,,,,
2020,132448256,4.1055,,,0.000274,87482,19.30,0.0000,,,,,
2030,133103616,4.1189,,,0.000273,86655,19.44,0.0000,,,,,
2040,133758976,3.9302,,,0.000273,87188,19.58,0.0000,,,,,
2050,134414336,4.1725,,,0.000273,87465,19.71,0.0000,,,,,
2060,135069696,3.9541,,,0.000272,87079,19.82,0.0000,,,,,
2070,135725056,4.2037,,,0.000272,87321,19.93,0.0000,,,,,
2080,136380416,4.1359,,,0.000271,87073,20.02,0.0000,,,,,
2090,137035776,4.3911,,,0.000271,87066,20.10,0.0000,,,,,
2100,137691136,4.1175,,,0.000271,86997,20.17,0.0000,,,,,
2110,138346496,4.1359,,,0.000270,87068,20.23,0.0000,,,,,
2120,139001856,4.2858,,,0.000270,87439,20.30,0.0000,,,,,
2130,139657216,4.0310,,,0.000270,86980,20.35,0.0000,,,,,
2140,140312576,4.3184,,,0.000269,87208,20.40,0.0000,,,,,
2150,140967936,4.1476,,,0.000269,87061,20.44,0.0000,,,,,
2160,141623296,4.1527,,,0.000269,87719,20.50,0.0000,,,,,
2170,142278656,4.0732,,,0.000268,87361,20.54,0.0000,,,,,
2180,142934016,4.2431,,,0.000268,86896,20.56,0.0000,,,,,
2190,143589376,4.0047,,,0.000268,87312,20.59,0.0000,,,,,
2200,144244736,4.0631,,,0.000267,87294,20.62,0.0000,,,,,
2210,144900096,4.0302,,,0.000267,87135,20.64,0.0000,,,,,
2220,145555456,4.2291,,,0.000266,87325,20.67,0.0000,,,,,
2230,146210816,3.8652,,,0.000266,87147,20.68,0.0000,,,,,
2240,146866176,4.0063,,,0.000266,86993,20.69,0.0000,,,,,
2250,147521536,4.1598,,,0.000265,87228,20.71,0.0000,,,,,
2260,148176896,3.9924,,,0.000265,86966,20.72,0.0000,,,,,
2270,148832256,4.0983,,,0.000265,87239,20.73,0.0000,,,,,
2280,149487616,4.2171,,,0.000264,87210,20.74,0.0000,,,,,
2290,150142976,3.9007,,,0.000264,86839,20.75,0.0000,,,,,
2300,150798336,4.1927,,,0.000263,87571,20.77,0.0000,,,,,
2310,151453696,4.0294,,,0.000263,86845,20.77,0.0000,,,,,
2320,152109056,4.0717,,,0.000263,87664,20.79,0.0000,,,,,
2330,152764416,4.1054,,,0.000262,198217,23.45,0.0000,,,,,
2340,153419776,4.0963,,,0.000262,87323,23.19,0.0000,,,,,
2350,154075136,4.0798,,,0.000261,86967,22.95,0.0000,,,,,
2360,154730496,3.8401,,,0.000261,87088,22.74,0.0000,,,,,
2370,155385856,4.0348,,,0.000261,87247,22.55,0.0000,,,,,
2380,156041216,4.0217,,,0.000260,87287,22.38,0.0000,,,,,
2390,156696576,3.8148,,,0.000260,87032,22.23,0.0000,,,,,
2400,157351936,3.9556,,,0.000259,87183,22.09,0.0000,,,,,
2410,158007296,4.1207,,,0.000259,87083,21.96,0.0000,,,,,
2420,158662656,4.0644,,,0.000259,87296,21.85,0.0000,,,,,
2430,159318016,3.8341,,,0.000258,86966,21.75,0.0000,,,,,
2440,159973376,4.0653,,,0.000258,86975,21.65,0.0000,,,,,
2450,160628736,4.0721,,,0.000257,86900,21.56,0.0000,,,,,
2460,161284096,3.9901,,,0.000257,86746,21.48,0.0000,,,,,
2470,161939456,4.0723,,,0.000257,87350,21.42,0.0000,,,,,
2480,162594816,3.9841,,,0.000256,87089,21.36,0.0000,,,,,
2490,163250176,4.0835,,,0.000256,87291,21.31,0.0000,,,,,
2500,163840000,4.0100,4.1965,66.45,0.000255,,21.31,,,,,,
2500,163905536,4.0840,,,0.000255,7676,19.37,0.0000,,,,,
2510,164560896,3.9426,,,0.000255,87139,19.51,0.0000,,,,,
2520,165216256,3.9197,,,0.000254,86876,19.64,0.0000,,,,,
2530,165871616,4.1452,,,0.000254,87286,19.76,0.0000,,,,,
2540,166526976,3.9179,,,0.000254,87084,19.87,0.0000,,,,,
2550,167182336,3.9929,,,0.000253,87423,19.97,0.0000,,,,,
2560,167837696,3.9691,,,0.000253,87094,20.06,0.0000,,,,,
2570,168493056,3.9701,,,0.000252,87955,20.15,0.0000,,,,,
2580,169148416,3.8895,,,0.000252,87167,20.22,0.0000,,,,,
2590,169803776,3.9410,,,0.000251,87069,20.28,0.0000,,,,,
2600,170459136,4.0205,,,0.000251,87336,20.34,0.0000,,,,,
2610,171114496,3.9970,,,0.000251,86659,20.38,0.0000,,,,,
2620,171769856,3.9881,,,0.000250,86938,20.42,0.0000,,,,,
2630,172425216,4.0382,,,0.000250,87163,20.46,0.0000,,,,,
2640,173080576,3.8964,,,0.000249,86878,20.49,0.0000,,,,,
2650,173735936,4.1088,,,0.000249,87305,20.53,0.0000,,,,,
2660,174391296,3.9077,,,0.000248,87023,20.56,0.0000,,,,,
2670,175046656,4.2047,,,0.000248,87371,20.59,0.0000,,,,,
2680,175702016,4.0592,,,0.000248,86918,20.61,0.0000,,,,,
2690,176357376,4.0413,,,0.000247,86855,20.63,0.0000,,,,,
2700,177012736,4.0065,,,0.000247,87461,20.66,0.0000,,,,,
2710,177668096,3.9858,,,0.000246,87281,20.68,0.0000,,,,,
2720,178323456,3.8919,,,0.000246,87349,20.70,0.0000,,,,,
2730,178978816,3.9136,,,0.000245,87426,20.72,0.0000,,,,,
2740,179634176,4.0720,,,0.000245,87041,20.73,0.0000,,,,,
2750,180289536,4.1397,,,0.000244,87138,20.74,0.0000,,,,,
2760,180944896,3.7674,,,0.000244,87259,20.75,0.0000,,,,,
2770,181600256,3.9147,,,0.000243,87418,20.77,0.0000,,,,,
2780,182255616,4.0854,,,0.000243,87055,20.77,0.0000,,,,,
2790,182910976,4.0272,,,0.000243,87409,20.78,0.0000,,,,,
2800,183566336,4.1157,,,0.000242,87035,20.79,0.0000,,,,,
2810,184221696,3.8475,,,0.000242,86791,20.78,0.0000,,,,,
2820,184877056,3.8215,,,0.000241,87352,20.79,0.0000,,,,,
2830,185532416,3.9641,,,0.000241,86974,20.79,0.0000,,,,,
2840,186187776,3.9842,,,0.000240,86742,20.79,0.0000,,,,,
2850,186843136,3.8570,,,0.000240,87380,20.80,0.0000,,,,,
2860,187498496,3.8367,,,0.000239,86968,20.80,0.0000,,,,,
2870,188153856,3.8939,,,0.000239,87170,20.80,0.0000,,,,,
2880,188809216,3.9596,,,0.000238,87115,20.81,0.0000,,,,,
2890,189464576,3.9072,,,0.000238,87275,20.81,0.0000,,,,,
2900,190119936,3.9522,,,0.000237,86985,20.81,0.0000,,,,,
2910,190775296,4.0806,,,0.000237,87161,20.81,0.0000,,,,,
2920,191430656,4.0354,,,0.000236,87411,20.82,0.0000,,,,,
2930,192086016,3.9400,,,0.000236,87024,20.82,0.0000,,,,,
2940,192741376,4.0324,,,0.000235,87191,20.82,0.0000,,,,,
2950,193396736,3.9704,,,0.000235,87330,20.83,0.0000,,,,,
2960,194052096,3.7573,,,0.000234,87332,20.83,0.0000,,,,,
2970,194707456,3.9088,,,0.000234,87447,20.84,0.0000,,,,,
2980,195362816,3.9052,,,0.000233,87026,20.84,0.0000,,,,,
2990,196018176,4.0024,,,0.000233,87256,20.84,0.0000,,,,,
3000,196608000,3.9098,4.0979,60.22,0.000232,,20.84,,,,,,
3000,196673536,3.8466,,,0.000232,7755,18.94,0.0000,,,,,
3010,197328896,3.9442,,,0.000232,87326,19.14,0.0000,,,,,
3020,197984256,3.8156,,,0.000232,87098,19.31,0.0000,,,,,
3030,198639616,3.9468,,,0.000231,86823,19.45,0.0000,,,,,
3040,199294976,3.9079,,,0.000231,87677,19.60,0.0000,,,,,
3050,199950336,3.8296,,,0.000230,87064,19.72,0.0000,,,,,
3060,200605696,4.0623,,,0.000230,87448,19.84,0.0000,,,,,
3070,201261056,3.9278,,,0.000229,87123,19.94,0.0000,,,,,
3080,201916416,3.7225,,,0.000229,86790,20.02,0.0000,,,,,
3090,202571776,3.8361,,,0.000228,87741,20.12,0.0000,,,,,
3100,203227136,3.8839,,,0.000228,116187,20.88,0.0000,,,,,
3110,203882496,3.8953,,,0.000227,86637,20.87,0.0000,,,,,
3120,204537856,3.9032,,,0.000227,87066,20.86,0.0000,,,,,
3130,205193216,4.1201,,,0.000226,87118,20.86,0.0000,,,,,
3140,205848576,3.9691,,,0.000226,87109,20.86,0.0000,,,,,
3150,206503936,3.9193,,,0.000225,86989,20.85,0.0000,,,,,
3160,207159296,3.8646,,,0.000225,87356,20.85,0.0000,,,,,
3170,207814656,3.8874,,,0.000224,87182,20.85,0.0000,,,,,
3180,208470016,3.9628,,,0.000224,87125,20.85,0.0000,,,,,
3190,209125376,3.8699,,,0.000223,87255,20.85,0.0000,,,,,
3200,209780736,3.9910,,,0.000222,87134,20.85,0.0000,,,,,
3210,210436096,3.9942,,,0.000222,87331,20.85,0.0000,,,,,
3220,211091456,3.9732,,,0.000221,87062,20.85,0.0000,,,,,
3230,211746816,3.8186,,,0.000221,86993,20.85,0.0000,,,,,
3240,212402176,3.9568,,,0.000220,87261,20.85,0.0000,,,,,
3250,213057536,3.7953,,,0.000220,86858,20.84,0.0000,,,,,
3260,213712896,3.9309,,,0.000219,87396,20.85,0.0000,,,,,
3270,214368256,4.0078,,,0.000219,87108,20.84,0.0000,,,,,
3280,215023616,3.7063,,,0.000218,86992,20.84,0.0000,,,,,
3290,215678976,3.7092,,,0.000218,87182,20.84,0.0000,,,,,
3300,216334336,3.9022,,,0.000217,86520,20.82,0.0000,,,,,
3310,216989696,3.9368,,,0.000217,87569,20.84,0.0000,,,,,
3320,217645056,3.9602,,,0.000216,87068,20.83,0.0000,,,,,
3330,218300416,4.0171,,,0.000216,87124,20.83,0.0000,,,,,
3340,218955776,3.8069,,,0.000215,87254,20.84,0.0000,,,,,
3350,219611136,4.0752,,,0.000215,86963,20.83,0.0000,,,,,
3360,220266496,3.8903,,,0.000214,87384,20.84,0.0000,,,,,
3370,220921856,3.8831,,,0.000214,87511,20.85,0.0000,,,,,
3380,221577216,3.7357,,,0.000213,87138,20.85,0.0000,,,,,
3390,222232576,3.7206,,,0.000213,87402,20.85,0.0000,,,,,
3400,222887936,3.7472,,,0.000212,87074,20.85,0.0000,,,,,
3410,223543296,3.6728,,,0.000212,87324,20.85,0.0000,,,,,
3420,224198656,4.0742,,,0.000211,87032,20.85,0.0000,,,,,
3430,224854016,3.9179,,,0.000210,86940,20.84,0.0000,,,,,
3440,225509376,3.8794,,,0.000210,87373,20.85,0.0000,,,,,
3450,226164736,4.0046,,,0.000209,87168,20.85,0.0000,,,,,
3460,226820096,3.8358,,,0.000209,87275,20.85,0.0000,,,,,
3470,227475456,3.9376,,,0.000208,87132,20.85,0.0000,,,,,
3480,228130816,3.8207,,,0.000208,87221,20.85,0.0000,,,,,
3490,228786176,3.9329,,,0.000207,87302,20.85,0.0000,,,,,
3500,229376000,3.8209,4.0307,56.30,0.000207,,20.85,,,,,,
3500,229441536,3.9119,,,0.000207,7464,18.94,0.0000,,,,,
3510,230096896,3.9147,,,0.000206,87233,19.14,0.0000,,,,,
3520,230752256,3.8936,,,0.000206,87061,19.30,0.0000,,,,,
3530,231407616,3.7384,,,0.000205,86964,19.45,0.0000,,,,,
3540,232062976,3.7383,,,0.000205,87003,19.59,0.0000,,,,,
3550,232718336,3.8160,,,0.000204,86853,19.71,0.0000,,,,,
3560,233373696,3.8826,,,0.000203,87376,19.82,0.0000,,,,,
3570,234029056,3.8649,,,0.000203,86877,19.92,0.0000,,,,,
3580,234684416,3.8243,,,0.000202,86932,20.01,0.0000,,,,,
3590,235339776,4.0453,,,0.000202,87580,20.10,0.0000,,,,,
3600,235995136,3.7221,,,0.000201,87035,20.17,0.0000,,,,,
3610,236650496,3.9020,,,0.000201,87315,20.24,0.0000,,,,,
3620,237305856,3.8317,,,0.000200,87056,20.30,0.0000,,,,,
3630,237961216,3.8161,,,0.000200,86971,20.35,0.0000,,,,,
3640,238616576,3.6504,,,0.000199,87300,20.40,0.0000,,,,,
3650,239271936,3.9053,,,0.000199,86912,20.44,0.0000,,,,,
3660,239927296,3.7148,,,0.000198,87330,20.48,0.0000,,,,,
3670,240582656,3.7228,,,0.000197,87067,20.52,0.0000,,,,,
3680,241238016,3.6112,,,0.000197,87040,20.55,0.0000,,,,,
3690,241893376,3.8069,,,0.000196,87376,20.58,0.0000,,,,,
3700,242548736,3.6108,,,0.000196,87221,20.61,0.0000,,,,,
3710,243204096,3.6454,,,0.000195,87351,20.64,0.0000,,,,,
3720,243859456,3.5974,,,0.000195,87082,20.65,0.0000,,,,,
3730,244514816,3.6795,,,0.000194,86965,20.67,0.0000,,,,,
3740,245170176,3.9856,,,0.000194,87084,20.68,0.0000,,,,,
3750,245825536,3.8516,,,0.000193,86883,20.69,0.0000,,,,,
3760,246480896,3.6815,,,0.000193,87337,20.71,0.0000,,,,,
3770,247136256,3.6882,,,0.000192,86940,20.72,0.0000,,,,,
3780,247791616,3.5730,,,0.000191,86921,20.73,0.0000,,,,,
3790,248446976,3.6691,,,0.000191,87445,20.74,0.0000,,,,,
3800,249102336,3.7532,,,0.000190,87088,20.75,0.0000,,,,,
3810,249757696,3.7486,,,0.000190,87218,20.76,0.0000,,,,,
3820,250413056,3.6725,,,0.000189,87023,20.77,0.0000,,,,,
3830,251068416,3.8130,,,0.000189,87040,20.77,0.0000,,,,,
3840,251723776,3.6911,,,0.000188,87268,20.78,0.0000,,,,,
3850,252379136,3.7574,,,0.000188,86837,20.78,0.0000,,,,,
3860,253034496,3.9549,,,0.000187,87451,20.79,0.0000,,,,,
3870,253689856,3.9671,,,0.000186,87387,20.80,0.0000,,,,,
3880,254345216,3.7214,,,0.000186,87582,20.82,0.0000,,,,,
3890,255000576,3.6835,,,0.000185,87132,20.82,0.0000,,,,,
3900,255655936,3.6408,,,0.000185,87037,20.82,0.0000,,,,,
3910,256311296,3.7888,,,0.000184,87196,20.82,0.0000,,,,,
3920,256966656,3.7482,,,0.000184,87235,20.82,0.0000,,,,,
3930,257622016,3.6923,,,0.000183,87196,20.83,0.0000,,,,,
3940,258277376,3.7076,,,0.000182,87178,20.83,0.0000,,,,,
3950,258932736,3.6423,,,0.000182,87069,20.83,0.0000,,,,,
3960,259588096,3.7498,,,0.000181,87358,20.83,0.0000,,,,,
3970,260243456,3.5928,,,0.000181,86912,20.83,0.0000,,,,,
3980,260898816,3.7419,,,0.000180,87302,20.83,0.0000,,,,,
3990,261554176,3.7940,,,0.000180,87169,20.83,0.0000,,,,,
4000,262144000,3.7283,3.9764,53.32,0.000179,,20.83,,,,,,
4000,262209536,3.8349,,,0.000179,7501,18.93,0.0000,,,,,
4010,262864896,3.6468,,,0.000179,87262,19.12,0.0000,,,,,
4020,263520256,3.8425,,,0.000178,86970,19.29,0.0000,,,,,
4030,264175616,3.8472,,,0.000177,87229,19.45,0.0000,,,,,
4040,264830976,3.6897,,,0.000177,87054,19.58,0.0000,,,,,
4050,265486336,3.8526,,,0.000176,86876,19.70,0.0000,,,,,
4060,266141696,3.6080,,,0.000176,87404,19.82,0.0000,,,,,
4070,266797056,3.9697,,,0.000175,86943,19.92,0.0000,,,,,
4080,267452416,3.7598,,,0.000175,87215,20.01,0.0000,,,,,
4090,268107776,3.8930,,,0.000174,87321,20.10,0.0000,,,,,
4100,268763136,3.9663,,,0.000173,86959,20.17,0.0000,,,,,
4110,269418496,3.7856,,,0.000173,87113,20.23,0.0000,,,,,
4120,270073856,3.7853,,,0.000172,87069,20.29,0.0000,,,,,
4130,270729216,3.7761,,,0.000172,86811,20.34,0.0000,,,,,
4140,271384576,3.7618,,,0.000171,87339,20.39,0.0000,,,,,
4150,272039936,3.6507,,,0.000171,86645,20.43,0.0000,,,,,
4160,272695296,3.7560,,,0.000170,87079,20.47,0.0000,,,,,
4170,273350656,3.7712,,,0.000170,87095,20.50,0.0000,,,,,
4180,274006016,3.9073,,,0.000169,87097,20.53,0.0000,,,,,
4190,274661376,3.8815,,,0.000168,87051,20.56,0.0000,,,,,
4200,275316736,3.7353,,,0.000168,87126,20.59,0.0000,,,,,
4210,275972096,3.5991,,,0.000167,87385,20.62,0.0000,,,,,
4220,276627456,3.6550,,,0.000167,86949,20.64,0.0000,,,,,
4230,277282816,3.8683,,,0.000166,87149,20.66,0.0000,,,,,
4240,277938176,3.6779,,,0.000166,87049,20.67,0.0000,,,,,
4250,278593536,3.7508,,,0.000165,87404,20.70,0.0000,,,,,
4260,279248896,3.6520,,,0.000164,87184,20.71,0.0000,,,,,
4270,279904256,3.8051,,,0.000164,87086,20.72,0.0000,,,,,
4280,280559616,3.8138,,,0.000163,86550,20.72,0.0000,,,,,
4290,281214976,3.7480,,,0.000163,87134,20.73,0.0000,,,,,
4300,281870336,3.5613,,,0.000162,87071,20.74,0.0000,,,,,
4310,282525696,3.6454,,,0.000162,86498,20.73,0.0000,,,,,
4320,283181056,3.8077,,,0.000161,87005,20.74,0.0000,,,,,
4330,283836416,3.6149,,,0.000160,87338,20.76,0.0000,,,,,
4340,284491776,3.6727,,,0.000160,86892,20.76,0.0000,,,,,
4350,285147136,3.8037,,,0.000159,87268,20.77,0.0000,,,,,
4360,285802496,3.7795,,,0.000159,87000,20.77,0.0000,,,,,
4370,286457856,3.6876,,,0.000158,87087,20.78,0.0000,,,,,
4380,287113216,3.5420,,,0.000158,87377,20.79,0.0000,,,,,
4390,287768576,3.6017,,,0.000157,87271,20.80,0.0000,,,,,
4400,288423936,3.7745,,,0.000157,86956,20.80,0.0000,,,,,
4410,289079296,3.6408,,,0.000156,87221,20.80,0.0000,,,,,
4420,289734656,3.7693,,,0.000155,86837,20.80,0.0000,,,,,
4430,290390016,3.6393,,,0.000155,87293,20.81,0.0000,,,,,
4440,291045376,3.7035,,,0.000154,86880,20.80,0.0000,,,,,
4450,291700736,3.7538,,,0.000154,86806,20.80,0.0000,,,,,
4460,292356096,3.6482,,,0.000153,87145,20.80,0.0000,,,,,
4470,293011456,3.7249,,,0.000153,87160,20.81,0.0000,,,,,
4480,293666816,3.7905,,,0.000152,87428,20.82,0.0000,,,,,
4490,294322176,3.7296,,,0.000151,86863,20.81,0.0000,,,,,
4500,294912000,3.6950,3.9375,51.29,0.000151,,20.81,,,,,,
4500,294977536,3.7593,,,0.000151,7753,18.92,0.0000,,,,,
4510,295632896,3.9209,,,0.000150,87169,19.11,0.0000,,,,,
4520,296288256,3.8188,,,0.000150,87307,19.28,0.0000,,,,,
4530,296943616,3.6422,,,0.000149,87222,19.44,0.0000,,,,,
4540,297598976,3.6460,,,0.000149,87118,19.58,0.0000,,,,,
4550,298254336,3.7810,,,0.000148,87403,19.71,0.0000,,,,,
4560,298909696,3.7404,,,0.000148,87023,19.82,0.0000,,,,,
4570,299565056,3.5671,,,0.000147,87299,19.93,0.0000,,,,,
4580,300220416,3.8523,,,0.000146,87515,20.03,0.0000,,,,,
4590,300875776,3.6181,,,0.000146,86857,20.10,0.0000,,,,,
4600,301531136,3.6212,,,0.000145,87407,20.18,0.0000,,,,,
4610,302186496,3.8213,,,0.000145,87021,20.24,0.0000,,,,,
4620,302841856,3.7338,,,0.000144,86949,20.30,0.0000,,,,,
4630,303497216,3.8278,,,0.000144,87126,20.35,0.0000,,,,,
4640,304152576,3.7221,,,0.000143,87170,20.40,0.0000,,,,,
4650,304807936,3.8389,,,0.000142,87554,20.45,0.0000,,,,,
4660,305463296,3.6982,,,0.000142,95399,20.69,0.0000,,,,,
4670,306118656,3.5023,,,0.000141,87011,20.70,0.0000,,,,,
4680,306774016,3.6966,,,0.000141,87368,20.72,0.0000,,,,,
4690,307429376,3.7618,,,0.000140,87091,20.73,0.0000,,,,,
4700,308084736,3.8105,,,0.000140,87378,20.75,0.0000,,,,,
4710,308740096,3.7187,,,0.000139,87128,20.76,0.0000,,,,,
4720,309395456,3.7225,,,0.000139,87326,20.77,0.0000,,,,,
4730,310050816,3.6533,,,0.000138,87153,20.78,0.0000,,,,,
4740,310706176,3.6478,,,0.000137,87067,20.78,0.0000,,,,,
4750,311361536,3.6998,,,0.000137,87102,20.78,0.0000,,,,,
4760,312016896,3.5874,,,0.000136,86842,20.78,0.0000,,,,,
4770,312672256,3.6701,,,0.000136,87001,20.78,0.0000,,,,,
4780,313327616,3.7517,,,0.000135,87163,20.79,0.0000,,,,,
4790,313982976,3.5704,,,0.000135,86956,20.79,0.0000,,,,,
4800,314638336,3.5601,,,0.000134,87281,20.80,0.0000,,,,,
4810,315293696,3.5217,,,0.000134,87143,20.80,0.0000,,,,,
4820,315949056,3.5944,,,0.000133,86998,20.80,0.0000,,,,,
4830,316604416,3.6588,,,0.000133,87272,20.81,0.0000,,,,,
4840,317259776,3.5989,,,0.000132,87332,20.82,0.0000,,,,,
4850,317915136,3.5973,,,0.000131,87176,20.82,0.0000,,,,,
4860,318570496,3.5397,,,0.000131,87047,20.82,0.0000,,,,,
4870,319225856,3.5252,,,0.000130,87012,20.82,0.0000,,,,,
4880,319881216,3.8085,,,0.000130,87320,20.82,0.0000,,,,,
4890,320536576,3.6618,,,0.000129,87038,20.82,0.0000,,,,,
4900,321191936,3.6217,,,0.000129,87137,20.82,0.0000,,,,,
4910,321847296,3.7025,,,0.000128,87238,20.83,0.0000,,,,,
4920,322502656,3.6520,,,0.000128,87186,20.83,0.0000,,,,,
4930,323158016,3.5331,,,0.000127,87114,20.83,0.0000,,,,,
4940,323813376,3.6970,,,0.000127,87117,20.83,0.0000,,,,,
4950,324468736,3.7526,,,0.000126,87170,20.83,0.0000,,,,,
4960,325124096,3.5594,,,0.000125,86988,20.83,0.0000,,,,,
4970,325779456,3.5430,,,0.000125,87240,20.83,0.0000,,,,,
4980,326434816,3.7843,,,0.000124,87108,20.83,0.0000,,,,,
4990,327090176,3.6349,,,0.000124,87119,20.83,0.0000,,,,,
5000,327680000,3.6332,3.8981,49.31,0.000123,,20.83,,,,,,
5000,327745536,3.7131,,,0.000123,7434,18.93,0.0000,,,,,
5010,328400896,3.6279,,,0.000123,86779,19.11,0.0000,,,,,
5020,329056256,3.7635,,,0.000122,87375,19.29,0.0000,,,,,
5030,329711616,3.7075,,,0.000122,87510,19.45,0.0000,,,,,
5040,330366976,3.5942,,,0.000121,86787,19.58,0.0000,,,,,
5050,331022336,3.6579,,,0.000121,87197,19.71,0.0000,,,,,
5060,331677696,3.6203,,,0.000120,87137,19.82,0.0000,,,,,
5070,332333056,3.6077,,,0.000120,87032,19.92,0.0000,,,,,
5080,332988416,3.4498,,,0.000119,87175,20.01,0.0000,,,,,
5090,333643776,3.5631,,,0.000118,86945,20.09,0.0000,,,,,
5100,334299136,3.5409,,,0.000118,87131,20.16,0.0000,,,,,
5110,334954496,3.4821,,,0.000117,87040,20.23,0.0000,,,,,
5120,335609856,3.5774,,,0.000117,86984,20.29,0.0000,,,,,
5130,336265216,3.5630,,,0.000116,87464,20.35,0.0000,,,,,
5140,336920576,3.6045,,,0.000116,87393,20.40,0.0000,,,,,
5150,337575936,3.6822,,,0.000115,87275,20.45,0.0000,,,,,
5160,338231296,3.5592,,,0.000115,86951,20.48,0.0000,,,,,
5170,338886656,3.4314,,,0.000114,87100,20.52,0.0000,,,,,
5180,339542016,3.6405,,,0.000114,86813,20.54,0.0000,,,,,
5190,340197376,3.5797,,,0.000113,87018,20.57,0.0000,,,,,
5200,340852736,3.7831,,,0.000113,87232,20.60,0.0000,,,,,
5210,341508096,3.4861,,,0.000112,86971,20.62,0.0000,,,,,
5220,342163456,3.7902,,,0.000112,86999,20.64,0.0000,,,,,
5230,342818816,3.4391,,,0.000111,87066,20.65,0.0000,,,,,
5240,343474176,3.5602,,,0.000111,87063,20.67,0.0000,,,,,
5250,344129536,3.6375,,,0.000110,87130,20.69,0.0000,,,,,
5260,344784896,3.5605,,,0.000110,87079,20.70,0.0000,,,,,
5270,345440256,3.7428,,,0.000109,87413,20.72,0.0000,,,,,
5280,346095616,3.6000,,,0.000109,87187,20.73,0.0000,,,,,
5290,346750976,3.6078,,,0.000108,87241,20.75,0.0000,,,,,
5300,347406336,3.7002,,,0.000108,87228,20.76,0.0000,,,,,
5310,348061696,3.5232,,,0.000107,87093,20.76,0.0000,,,,,
5320,348717056,3.8386,,,0.000106,87280,20.77,0.0000,,,,,
5330,349372416,3.5893,,,0.000106,86974,20.78,0.0000,,,,,
5340,350027776,3.6783,,,0.000105,86998,20.78,0.0000,,,,,
5350,350683136,3.6671,,,0.000105,87224,20.79,0.0000,,,,,
5360,351338496,3.5721,,,0.000104,87076,20.79,0.0000,,,,,
5370,351993856,3.4601,,,0.000104,87286,20.80,0.0000,,,,,
5380,352649216,3.6205,,,0.000103,87293,20.81,0.0000,,,,,
5390,353304576,3.5090,,,0.000103,87078,20.81,0.0000,,,,,
5400,353959936,3.7643,,,0.000102,87264,20.81,0.0000,,,,,
5410,354615296,3.7495,,,0.000102,86890,20.81,0.0000,,,,,
5420,355270656,3.7685,,,0.000101,87292,20.82,0.0000,,,,,
5430,355926016,3.5312,,,0.000101,87640,20.83,0.0000,,,,,
5440,356581376,3.5312,,,0.000100,176925,22.98,0.0000,,,,,
5450,357236736,3.4404,,,0.000100,87090,22.76,0.0000,,,,,
5460,357892096,3.6367,,,0.000099,87264,22.57,0.0000,,,,,
5470,358547456,3.4924,,,0.000099,86983,22.39,0.0000,,,,,
5480,359202816,3.4639,,,0.000098,87362,22.24,0.0000,,,,,
5490,359858176,3.6115,,,0.000098,87401,22.11,0.0000,,,,,
5500,360448000,3.5888,3.8693,47.91,0.000098,,22.11,,,,,,
5500,360513536,3.6842,,,0.000098,7752,20.08,0.0000,,,,,
5510,361168896,3.3428,,,0.000097,86871,20.15,0.0000,,,,,
5520,361824256,3.4014,,,0.000097,86984,20.22,0.0000,,,,,
5530,362479616,3.4875,,,0.000096,87190,20.28,0.0000,,,,,
5540,363134976,3.5897,,,0.000096,87025,20.33,0.0000,,,,,
5550,363790336,3.5575,,,0.000095,87378,20.39,0.0000,,,,,
5560,364445696,3.6607,,,0.000095,86979,20.43,0.0000,,,,,
5570,365101056,3.6150,,,0.000094,87106,20.47,0.0000,,,,,
5580,365756416,3.6852,,,0.000094,86966,20.50,0.0000,,,,,
5590,366411776,3.5726,,,0.000093,86980,20.53,0.0000,,,,,
5600,367067136,3.4889,,,0.000093,87416,20.57,0.0000,,,,,
5610,367722496,3.5685,,,0.000092,87003,20.59,0.0000,,,,,
5620,368377856,3.8196,,,0.000092,87104,20.62,0.0000,,,,,
5630,369033216,3.6022,,,0.000091,87616,20.65,0.0000,,,,,
5640,369688576,3.7800,,,0.000091,86839,20.66,0.0000,,,,,
5650,370343936,3.4664,,,0.000090,87377,20.68,0.0000,,,,,
5660,370999296,3.5801,,,0.000090,87150,20.70,0.0000,,,,,
5670,371654656,3.5074,,,0.000089,87077,20.71,0.0000,,,,,
5680,372310016,3.3535,,,0.000089,87254,20.73,0.0000,,,,,
5690,372965376,3.6478,,,0.000088,86856,20.73,0.0000,,,,,
5700,373620736,3.6386,,,0.000088,87187,20.74,0.0000,,,,,
5710,374276096,3.5729,,,0.000087,86994,20.75,0.0000,,,,,
5720,374931456,3.5488,,,0.000087,87214,20.76,0.0000,,,,,
5730,375586816,3.7214,,,0.000087,87300,20.77,0.0000,,,,,
5740,376242176,3.7468,,,0.000086,87163,20.78,0.0000,,,,,
5750,376897536,3.5527,,,0.000086,87052,20.78,0.0000,,,,,
5760,377552896,3.4336,,,0.000085,87042,20.78,0.0000,,,,,
5770,378208256,3.6532,,,0.000085,87233,20.79,0.0000,,,,,
5780,378863616,3.5935,,,0.000084,87228,20.80,0.0000,,,,,
5790,379518976,3.6506,,,0.000084,87246,20.80,0.0000,,,,,
5800,380174336,3.3457,,,0.000083,87217,20.81,0.0000,,,,,
5810,380829696,3.5962,,,0.000083,86861,20.81,0.0000,,,,,
5820,381485056,3.4284,,,0.000082,87173,20.81,0.0000,,,,,
5830,382140416,3.3783,,,0.000082,87268,20.82,0.0000,,,,,
5840,382795776,3.6253,,,0.000082,86985,20.81,0.0000,,,,,
5850,383451136,3.7465,,,0.000081,87446,20.82,0.0000,,,,,
5860,384106496,3.5777,,,0.000081,87094,20.82,0.0000,,,,,
5870,384761856,3.5183,,,0.000080,86769,20.82,0.0000,,,,,
5880,385417216,3.5520,,,0.000080,87158,20.82,0.0000,,,,,
5890,386072576,3.6102,,,0.000079,87051,20.82,0.0000,,,,,
5900,386727936,3.3490,,,0.000079,87380,20.83,0.0000,,,,,
5910,387383296,3.5584,,,0.000079,87286,20.83,0.0000,,,,,
5920,388038656,3.4698,,,0.000078,86929,20.83,0.0000,,,,,
5930,388694016,3.4346,,,0.000078,87596,20.84,0.0000,,,,,
5940,389349376,3.7403,,,0.000077,87145,20.84,0.0000,,,,,
5950,390004736,3.5485,,,0.000077,87265,20.84,0.0000,,,,,
5960,390660096,3.6228,,,0.000076,86751,20.83,0.0000,,,,,
5970,391315456,3.4268,,,0.000076,86834,20.82,0.0000,,,,,
5980,391970816,3.4288,,,0.000076,87441,20.83,0.0000,,,,,
5990,392626176,3.7232,,,0.000075,87084,20.83,0.0000,,,,,
6000,393216000,3.5401,3.8624,47.58,0.000075,,20.83,,,,,,
6000,393281536,3.5138,,,0.000075,7416,18.93,0.0000,,,,,
6010,393936896,3.5191,,,0.000074,87108,19.12,0.0000,,,,,
6020,394592256,3.7231,,,0.000074,86923,19.28,0.0000,,,,,
6030,395247616,3.6873,,,0.000073,87359,19.44,0.0000,,,,,
6040,395902976,3.4309,,,0.000073,87173,19.58,0.0000,,,,,
6050,396558336,3.6245,,,0.000073,87124,19.71,0.0000,,,,,
6060,397213696,3.4907,,,0.000072,87029,19.82,0.0000,,,,,
6070,397869056,3.5019,,,0.000072,87017,19.92,0.0000,,,,,
6080,398524416,3.6868,,,0.000071,87187,20.01,0.0000,,,,,
6090,399179776,3.5433,,,0.000071,87008,20.09,0.0000,,,,,
6100,399835136,3.5599,,,0.000071,87254,20.17,0.0000,,,,,
6110,400490496,3.6199,,,0.000070,86774,20.23,0.0000,,,,,
6120,401145856,3.5084,,,0.000070,87292,20.29,0.0000,,,,,
6130,401801216,3.4626,,,0.000069,87378,20.35,0.0000,,,,,
6140,402456576,3.6060,,,0.000069,86785,20.39,0.0000,,,,,
6150,403111936,3.5752,,,0.000069,87191,20.44,0.0000,,,,,
6160,403767296,3.4153,,,0.000068,87055,20.47,0.0000,,,,,
6170,404422656,3.5077,,,0.000068,87176,20.51,0.0000,,,,,
6180,405078016,3.4937,,,0.000067,87395,20.55,0.0000,,,,,
6190,405733376,3.5238,,,0.000067,86827,20.57,0.0000,,,,,
6200,406388736,3.7098,,,0.000067,87571,20.61,0.0000,,,,,
6210,407044096,3.3743,,,0.000066,91844,20.74,0.0000,,,,,
6220,407699456,3.5573,,,0.000066,87406,20.76,0.0000,,,,,
6230,408354816,3.5451,,,0.000065,87249,20.77,0.0000,,,,,
6240,409010176,3.7918,,,0.000065,86980,20.77,0.0000,,,,,
6250,409665536,3.4010,,,0.000065,87152,20.78,0.0000,,,,,
6260,410320896,3.3747,,,0.000064,87164,20.78,0.0000,,,,,
6270,410976256,3.7448,,,0.000064,87229,20.79,0.0000,,,,,
6280,411631616,3.4964,,,0.000064,86973,20.79,0.0000,,,,,
6290,412286976,3.5284,,,0.000063,87191,20.80,0.0000,,,,,
6300,412942336,3.5316,,,0.000063,86732,20.79,0.0000,,,,,
6310,413597696,3.5434,,,0.000062,86624,20.78,0.0000,,,,,
6320,414253056,3.4521,,,0.000062,87620,20.80,0.0000,,,,,
6330,414908416,3.4847,,,0.000062,87124,20.80,0.0000,,,,,
6340,415563776,3.3008,,,0.000061,87141,20.81,0.0000,,,,,
6350,416219136,3.5157,,,0.000061,87148,20.81,0.0000,,,,,
6360,416874496,3.5766,,,0.000061,87023,20.81,0.0000,,,,,
6370,417529856,3.6556,,,0.000060,86991,20.81,0.0000,,,,,
6380,418185216,3.6617,,,0.000060,86893,20.81,0.0000,,,,,
6390,418840576,3.4322,,,0.000060,86784,20.80,0.0000,,,,,
6400,419495936,3.3733,,,0.000059,87133,20.80,0.0000,,,,,
6410,420151296,3.5426,,,0.000059,86871,20.80,0.0000,,,,,
6420,420806656,3.5221,,,0.000059,87609,20.82,0.0000,,,,,
6430,421462016,3.5069,,,0.000058,86990,20.81,0.0000,,,,,
6440,422117376,3.5015,,,0.000058,87089,20.81,0.0000,,,,,
6450,422772736,3.5640,,,0.000057,87308,20.82,0.0000,,,,,
6460,423428096,3.7109,,,0.000057,86985,20.82,0.0000,,,,,
6470,424083456,3.4331,,,0.000057,87302,20.82,0.0000,,,,,
6480,424738816,3.4131,,,0.000056,86883,20.82,0.0000,,,,,
6490,425394176,3.5409,,,0.000056,87245,20.82,0.0000,,,,,
6500,425984000,3.5102,3.8543,47.20,0.000056,,20.82,,,,,,
6500,426049536,3.5396,,,0.000056,7728,18.93,0.0000,,,,,
6510,426704896,3.4213,,,0.000055,87460,19.12,0.0000,,,,,
6520,427360256,3.3989,,,0.000055,87304,19.30,0.0000,,,,,
6530,428015616,3.5008,,,0.000055,86986,19.45,0.0000,,,,,
6540,428670976,3.3970,,,0.000054,87293,19.59,0.0000,,,,,
6550,429326336,3.6765,,,0.000054,87111,19.72,0.0000,,,,,
6560,429981696,3.6074,,,0.000054,87385,19.83,0.0000,,,,,
6570,430637056,3.5702,,,0.000054,86910,19.93,0.0000,,,,,
6580,431292416,3.5548,,,0.000053,87191,20.02,0.0000,,,,,
6590,431947776,3.5304,,,0.000053,86945,20.10,0.0000,,,,,
6600,432603136,3.4291,,,0.000053,86935,20.17,0.0000,,,,,
6610,433258496,3.4162,,,0.000052,87430,20.24,0.0000,,,,,
6620,433913856,3.3951,,,0.000052,86994,20.30,0.0000,,,,,
6630,434569216,3.6848,,,0.000052,87168,20.35,0.0000,,,,,
6640,435224576,3.6136,,,0.000051,86985,20.40,0.0000,,,,,
6650,435879936,3.4406,,,0.000051,86943,20.44,0.0000,,,,,
6660,436535296,3.3376,,,0.000051,87347,20.48,0.0000,,,,,
6670,437190656,3.6213,,,0.000050,87398,20.52,0.0000,,,,,
6680,437846016,3.5864,,,0.000050,87346,20.56,0.0000,,,,,
6690,438501376,3.4580,,,0.000050,87141,20.59,0.0000,,,,,
6700,439156736,3.5700,,,0.000050,87089,20.61,0.0000,,,,,
6710,439812096,3.5563,,,0.000049,87409,20.64,0.0000,,,,,
6720,440467456,3.4614,,,0.000049,86965,20.65,0.0000,,,,,
6730,441122816,3.3597,,,0.000049,87088,20.67,0.0000,,,,,
6740,441778176,3.4549,,,0.000048,87115,20.69,0.0000,,,,,
6750,442433536,3.4213,,,0.000048,87027,20.70,0.0000,,,,,
6760,443088896,3.4368,,,0.000048,87216,20.71,0.0000,,,,,
6770,443744256,3.5993,,,0.000048,87111,20.73,0.0000,,,,,
6780,444399616,3.5059,,,0.000047,87130,20.74,0.0000,,,,,
6790,445054976,3.4754,,,0.000047,87316,20.75,0.0000,,,,,
6800,445710336,3.3882,,,0.000047,87114,20.76,0.0000,,,,,
6810,446365696,3.3984,,,0.000046,87065,20.77,0.0000,,,,,
6820,447021056,3.5978,,,0.000046,87012,20.77,0.0000,,,,,
6830,447676416,3.3074,,,0.000046,86994,20.77,0.0000,,,,,
6840,448331776,3.4960,,,0.000046,87275,20.78,0.0000,,,,,
6850,448987136,3.4716,,,0.000045,86732,20.78,0.0000,,,,,
6860,449642496,3.4868,,,0.000045,87354,20.79,0.0000,,,,,
6870,450297856,3.3404,,,0.000045,87126,20.79,0.0000,,,,,
6880,450953216,3.5238,,,0.000045,86837,20.79,0.0000,,,,,
6890,451608576,3.5744,,,0.000044,87322,20.80,0.0000,,,,,
6900,452263936,3.5034,,,0.000044,87225,20.80,0.0000,,,,,
6910,452919296,3.4677,,,0.000044,87419,20.81,0.0000,,,,,
6920,453574656,3.3737,,,0.000044,87110,20.82,0.0000,,,,,
6930,454230016,3.5329,,,0.000043,86875,20.81,0.0000,,,,,
6940,454885376,3.5548,,,0.000043,87137,20.81,0.0000,,,,,
6950,455540736,3.2878,,,0.000043,87188,20.82,0.0000,,,,,
6960,456196096,3.5711,,,0.000043,87377,20.82,0.0000,,,,,
6970,456851456,3.4795,,,0.000042,86719,20.82,0.0000,,,,,
6980,457506816,3.4722,,,0.000042,87014,20.81,0.0000,,,,,
6990,458162176,3.5727,,,0.000042,87563,20.83,0.0000,,,,,
7000,458752000,3.4925,3.8186,45.54,0.000042,,20.83,,,,,,
7000,458817536,3.5748,,,0.000042,7486,18.92,0.0000,,,,,
7010,459472896,3.3361,,,0.000041,87153,19.12,0.0000,,,,,
7020,460128256,3.5275,,,0.000041,86806,19.28,0.0000,,,,,
7030,460783616,3.4484,,,0.000041,87214,19.44,0.0000,,,,,
7040,461438976,3.4643,,,0.000041,87166,19.58,0.0000,,,,,
7050,462094336,3.7298,,,0.000041,87214,19.70,0.0000,,,,,
7060,462749696,3.4382,,,0.000040,87252,19.82,0.0000,,,,,
7070,463405056,3.2770,,,0.000040,87062,19.92,0.0000,,,,,
7080,464060416,3.3707,,,0.000040,86779,20.00,0.0000,,,,,
7090,464715776,3.4435,,,0.000040,87242,20.09,0.0000,,,,,
7100,465371136,3.6056,,,0.000039,87021,20.16,0.0000,,,,,
7110,466026496,3.4763,,,0.000039,87349,20.23,0.0000,,,,,
7120,466681856,3.5426,,,0.000039,86777,20.29,0.0000,,,,,
7130,467337216,3.3674,,,0.000039,87248,20.34,0.0000,,,,,
7140,467992576,3.5578,,,0.000039,87212,20.39,0.0000,,,,,
7150,468647936,3.5678,,,0.000038,87194,20.44,0.0000,,,,,
7160,469303296,3.4537,,,0.000038,87412,20.49,0.0000,,,,,
7170,469958656,3.6079,,,0.000038,86981,20.52,0.0000,,,,,
7180,470614016,3.5697,,,0.000038,87083,20.55,0.0000,,,,,
7190,471269376,3.4732,,,0.000038,87203,20.58,0.0000,,,,,
7200,471924736,3.4403,,,0.000038,86970,20.60,0.0000,,,,,
7210,472580096,3.4542,,,0.000037,87259,20.63,0.0000,,,,,
7220,473235456,3.4529,,,0.000037,87269,20.65,0.0000,,,,,
7230,473890816,3.5378,,,0.000037,86853,20.66,0.0000,,,,,
7240,474546176,3.6337,,,0.000037,87286,20.68,0.0000,,,,,
7250,475201536,3.5151,,,0.000037,87013,20.70,0.0000,,,,,
7260,475856896,3.3991,,,0.000036,87499,20.72,0.0000,,,,,
7270,476512256,3.5004,,,0.000036,86879,20.72,0.0000,,,,,
7280,477167616,3.4744,,,0.000036,86914,20.73,0.0000,,,,,
7290,477822976,3.3202,,,0.000036,87302,20.74,0.0000,,,,,
7300,478478336,3.5095,,,0.000036,87044,20.75,0.0000,,,,,
7310,479133696,3.3406,,,0.000036,87297,20.76,0.0000,,,,,
7320,479789056,3.4974,,,0.000035,87045,20.77,0.0000,,,,,
7330,480444416,3.5082,,,0.000035,87258,20.78,0.0000,,,,,
7340,481099776,3.3737,,,0.000035,87503,20.79,0.0000,,,,,
7350,481755136,3.4712,,,0.000035,87012,20.79,0.0000,,,,,
7360,482410496,3.5655,,,0.000035,87164,20.80,0.0000,,,,,
7370,483065856,3.4142,,,0.000035,87463,20.81,0.0000,,,,,
7380,483721216,3.5202,,,0.000035,87077,20.81,0.0000,,,,,
7390,484376576,3.4938,,,0.000034,87495,20.82,0.0000,,,,,
7400,485031936,3.4226,,,0.000034,86917,20.82,0.0000,,,,,
7410,485687296,3.4001,,,0.000034,87298,20.82,0.0000,,,,,
7420,486342656,3.3942,,,0.000034,86875,20.82,0.0000,,,,,
7430,486998016,3.3986,,,0.000034,87058,20.82,0.0000,,,,,
7440,487653376,3.4980,,,0.000034,87407,20.83,0.0000,,,,,
7450,488308736,3.5759,,,0.000034,87225,20.83,0.0000,,,,,
7460,488964096,3.4448,,,0.000033,87354,20.84,0.0000,,,,,
7470,489619456,3.4804,,,0.000033,86967,20.83,0.0000,,,,,
7480,490274816,3.5877,,,0.000033,87050,20.83,0.0000,,,,,
7490,490930176,3.3086,,,0.000033,87310,20.83,0.0000,,,,,
7500,491520000,3.4519,3.8032,44.85,0.000033,,20.83,,,,,,
7500,491585536,3.4744,,,0.000033,7421,18.93,0.0000,,,,,
7510,492240896,3.4034,,,0.000033,87239,19.12,0.0000,,,,,
7520,492896256,3.3764,,,0.000033,86971,19.29,0.0000,,,,,
7530,493551616,3.5202,,,0.000033,86958,19.44,0.0000,,,,,
7540,494206976,3.4324,,,0.000032,86808,19.57,0.0000,,,,,
7550,494862336,3.3955,,,0.000032,87163,19.70,0.0000,,,,,
7560,495517696,3.1937,,,0.000032,87229,19.81,0.0000,,,,,
7570,496173056,3.5172,,,0.000032,87049,19.91,0.0000,,,,,
7580,496828416,3.6705,,,0.000032,87127,20.01,0.0000,,,,,
7590,497483776,3.3338,,,0.000032,87278,20.09,0.0000,,,,,
7600,498139136,3.5620,,,0.000032,86865,20.16,0.0000,,,,,
7610,498794496,3.4486,,,0.000032,87426,20.23,0.0000,,,,,
7620,499449856,3.3974,,,0.000032,87222,20.30,0.0000,,,,,
7630,500105216,3.3070,,,0.000032,87051,20.35,0.0000,,,,,
7640,500760576,3.5185,,,0.000032,87160,20.40,0.0000,,,,,
7650,501415936,3.6138,,,0.000031,86985,20.44,0.0000,,,,,
7660,502071296,3.4332,,,0.000031,86918,20.47,0.0000,,,,,
7670,502726656,3.3169,,,0.000031,87035,20.51,0.0000,,,,,
7680,503382016,3.5076,,,0.000031,87217,20.54,0.0000,,,,,
7690,504037376,3.3492,,,0.000031,87592,20.58,0.0000,,,,,
7700,504692736,3.3858,,,0.000031,86946,20.60,0.0000,,,,,
7710,505348096,3.4111,,,0.000031,87354,20.63,0.0000,,,,,
7720,506003456,3.3966,,,0.000031,87365,20.66,0.0000,,,,,
7730,506658816,3.4861,,,0.000031,86963,20.67,0.0000,,,,,
7740,507314176,3.3306,,,0.000031,87101,20.69,0.0000,,,,,
7750,507969536,3.6249,,,0.000031,87013,20.70,0.0000,,,,,
7760,508624896,3.6033,,,0.000031,87545,20.72,0.0000,,,,,
7770,509280256,3.1500,,,0.000031,95327,20.93,0.0000,,,,,
7780,509935616,3.4623,,,0.000031,87101,20.92,0.0000,,,,,
7790,510590976,3.5637,,,0.000031,87190,20.91,0.0000,,,,,
7800,511246336,3.2753,,,0.000030,87061,20.90,0.0000,,,,,
7810,511901696,3.4481,,,0.000030,87171,20.90,0.0000,,,,,
7820,512557056,3.4259,,,0.000030,87087,20.89,0.0000,,,,,
7830,513212416,3.3441,,,0.000030,87191,20.88,0.0000,,,,,
7840,513867776,3.4859,,,0.000030,87042,20.88,0.0000,,,,,
7850,514523136,3.4927,,,0.000030,87147,20.87,0.0000,,,,,
7860,515178496,3.4683,,,0.000030,87327,20.87,0.0000,,,,,
7870,515833856,3.5413,,,0.000030,86939,20.87,0.0000,,,,,
7880,516489216,3.4906,,,0.000030,86955,20.86,0.0000,,,,,
7890,517144576,3.5628,,,0.000030,87280,20.86,0.0000,,,,,
7900,517799936,3.5113,,,0.000030,87184,20.86,0.0000,,,,,
7910,518455296,3.3035,,,0.000030,87325,20.86,0.0000,,,,,
7920,519110656,3.6042,,,0.000030,86970,20.85,0.0000,,,,,
7930,519766016,3.4122,,,0.000030,87166,20.85,0.0000,,,,,
7940,520421376,3.4731,,,0.000030,87192,20.85,0.0000,,,,,
7950,521076736,3.5280,,,0.000030,86783,20.84,0.0000,,,,,
7960,521732096,3.3044,,,0.000030,87465,20.85,0.0000,,,,,
7970,522387456,3.4711,,,0.000030,86955,20.84,0.0000,,,,,
7980,523042816,3.5121,,,0.000030,87277,20.85,0.0000,,,,,
7990,523698176,3.4487,,,0.000030,87156,20.85,0.0000,,,,,
8000,524288000,3.4396,3.8046,44.91,0.000030,,20.85,,,,,,
8000,524353536,3.3776,,,0.000030,7719,18.95,0.0000,,,,,
